Flag,Country,office held by head of government,head of government,office held by head of state,head of state,Wikipedia_Link
ğŸ‡¦ğŸ‡«,Afghanistan,Prime Minister of Afghanistan,Ashraf_Ghani,Amir al-Mu'minin,Hibatullah Akhundzada,https://en.wikipedia.org/wiki/Ashraf_Ghani
ğŸ‡¦ğŸ‡±,Albania,Prime Minister of Albania,Edi Rama,President of Albania,Bajram Begaj,https://en.wikipedia.org/wiki/Edi_Rama
ğŸ‡©ğŸ‡¿,Algeria,Prime Minister of Algeria,Abdelmadjid Tebboune,President of Algeria,Abdelmadjid Tebboune,https://en.wikipedia.org/wiki/Abdelmadjid_Tebboune
ğŸ‡¦ğŸ‡©,Andorra,Prime Minister of Andorra,Xavier Espot Zamora,"French co-prince of Andorra Episcopal Co-Prince","Joan Enric Vives SicÃ­lia Emmanuel Macron",https://en.wikipedia.org/wiki/Xavier_Espot_Zamora
ğŸ‡¦ğŸ‡´,Angola,President of Angola,JoÃ£o LourenÃ§o,President of Angola,JoÃ£o LourenÃ§o,https://en.wikipedia.org/wiki/Jo%C3%A3o_Louren%C3%A7o
ğŸ‡¦ğŸ‡¬,Antigua and Barbuda,Prime Minister of Antigua and Barbuda,Gaston Browne,"monarch of Antigua and Barbuda Governor-General of Antigua and Barbuda",Charles III of the United Kingdom,https://en.wikipedia.org/wiki/Gaston_Browne
ğŸ‡¦ğŸ‡·,Argentina,President of Argentina,Javier Milei,President of Argentina,Javier Milei,https://en.wikipedia.org/wiki/Javier_Milei
ğŸ‡¦ğŸ‡²,Armenia,Prime Minister of Armenia,Nikol Pashinyan,President of Armenia,Vahagn Khachatryan,https://en.wikipedia.org/wiki/Nikol_Pashinyan
ğŸ‡¦ğŸ‡¼,Aruba,Prime Minister of Aruba,Evelyn Wever-Croes,,Willem-Alexander of the Netherlands,https://en.wikipedia.org/wiki/Evelyn_Wever-Croes
ğŸ‡¦ğŸ‡º,Australia,Prime Minister of Australia,Anthony Albanese,monarch of Australia,Charles III of the United Kingdom,https://en.wikipedia.org/wiki/Anthony_Albanese
ğŸ‡¦ğŸ‡º,Austria,President, Alexander Van der Bellen, President, Alexander Van der Bellen, https://en.wikipedia.org/wiki/Alexander_Van_der_Bellen
ğŸ‡¦ğŸ‡¿,Azerbaijan,Prime Minister of Azerbaijan,Ilham Aliyev,President of Azerbaijan,Ilham Aliyev,https://en.wikipedia.org/wiki/Ilham_Aliyev
ğŸ‡§ğŸ‡­,Bahrain,Prime Minister of Bahrain,"Salman bin Hamad, Crown Prince of Bahrain",monarch of Bahrain,Hamad II of Bahrain, https://en.wikipedia.org/wiki/Salman_bin_Hamad_Al_Khalifa
ğŸ‡§ğŸ‡©,Bangladesh,Prime Minister of Bangladesh,Sheikh_Hasina,President of Bangladesh,Mohammad Shahabuddin,https://en.wikipedia.org/wiki/Sheikh_Hasina
ğŸ‡§ğŸ‡§,Barbados,Prime Minister of Barbados,Mia Mottley,President of Barbados,Sandra Mason,https://en.wikipedia.org/wiki/Mia_Mottley
ğŸ‡§ğŸ‡¾,Belarus,Prime Minister of Belarus,Alexander Lukashenko,President of Belarus,Alexander Lukashenko,https://en.wikipedia.org/wiki/Alexander_Lukashenko
ğŸ‡§ğŸ‡ª,Belgium,Prime Minister of Belgium,Alexander De Croo,King of the Belgians,Philippe of Belgium,https://en.wikipedia.org/wiki/Alexander_De_Croo
ğŸ‡§ğŸ‡¿,Belize,Prime Minister of Belize,Johnny BriceÃ±o,monarch of Belize,Charles III of the United Kingdom,https://en.wikipedia.org/wiki/Johnny_Brice%C3%B1o
ğŸ‡§ğŸ‡¯,Benin,President of the Republic of Benin,Patrice Talon,President of the Republic of Benin,Patrice Talon,https://en.wikipedia.org/wiki/Patrice_Talon
ğŸ‡§ğŸ‡¹,Bhutan,Prime Minister of Bhutan,Lotay Tshering,Druk Gyalpo,Jigme Khesar Namgyel Wangchuck,https://en.wikipedia.org/wiki/Lotay_Tshering
ğŸ‡§ğŸ‡´,Bolivia,president of Bolivia,Luis Arce,president of Bolivia,Luis Arce,https://en.wikipedia.org/wiki/Luis_Arce
ğŸ‡§ğŸ‡¦,Bosnia and Herzegovina,Chairman of the Council of Ministers of Bosnia and Herzegovina,Borjana KriÅ¡to,Presidency of Bosnia and Herzegovina,"Å½eljko KomÅ¡iÄ‡
Denis BeÄ‡iroviÄ‡
Å½eljka CvijanoviÄ‡",https://en.wikipedia.org/wiki/Borjana_Kri%C5%A1to
ğŸ‡§ğŸ‡¼,Botswana,President of Botswana,Mokgweetsi Masisi,President of Botswana,Mokgweetsi Masisi,https://en.wikipedia.org/wiki/Mokgweetsi_Masisi
ğŸ‡§ğŸ‡·,Brazil,President of Brazil,Luiz InÃ¡cio Lula da Silva,President of Brazil,Luiz InÃ¡cio Lula da Silva,https://en.wikipedia.org/wiki/Luiz_In%C3%A1cio_Lula_da_Silva
ğŸ‡§ğŸ‡³,Brunei,Sultan of Brunei Darussalam,Hassanal Bolkiah I of Brunei,Sultan of Brunei Darussalam,Hassanal Bolkiah I of Brunei,https://en.wikipedia.org/wiki/Hassanal_Bolkiah
ğŸ‡§ğŸ‡¬,Bulgaria,Prime Minister of Bulgaria,Nikolay Denkov,President of Bulgaria,Rumen Radev,https://en.wikipedia.org/wiki/Nikolai_Denkov
ğŸ‡§ğŸ‡«,Burkina Faso,Prime Minister of Burkina Faso,Apollinaire Joachim KyÃ©lem de TambÃ¨la,"President of Burkina Faso
military leader",Ibrahim TraorÃ©,https://en.wikipedia.org/wiki/Apollinaire_J._Ky%C3%A9lem_de_Tamb%C3%A8la
ğŸ‡§ğŸ‡®,Burundi,Prime Minister of Burundi,Gervais Ndirakobuca,President of Burundi,Ã‰variste Ndayishimiye,https://en.wikipedia.org/wiki/Gervais_Ndirakobuca
ğŸ‡°ğŸ‡­,Cambodia,Prime Minister of Cambodia,Hun Manet,King of Cambodia,Norodom Sihamoni,https://en.wikipedia.org/wiki/Hun_Manet
ğŸ‡¨ğŸ‡²,Cameroon,Prime Minister of Cameroon,Joseph Ngute,President of Cameroon,Paul Biya,https://en.wikipedia.org/wiki/Joseph_Ngute
ğŸ‡¨ğŸ‡¦,Canada,Prime Minister of Canada,Justin Trudeau,monarch of Canada,Charles III of the United Kingdom,https://en.wikipedia.org/wiki/Justin_Trudeau
ğŸ‡¨ğŸ‡»,Cape Verde,Prime Minister of Cabo Verde,Ulisses Correia e Silva,President of Cape Verde,JosÃ© Maria Neves,https://en.wikipedia.org/wiki/Ulisses_Correia_e_Silva
ğŸ‡¨ğŸ‡«,Central African Republic,Prime Minister of the Central African Republic,FÃ©lix Moloua,President of the Central African Republic,Faustin-Archange TouadÃ©ra,https://en.wikipedia.org/wiki/F%C3%A9lix_Moloua
ğŸ‡¹ğŸ‡©,Chad,President of Chad,Idriss DÃ©by,President of Chad,Mahamat DÃ©by Itno,https://en.wikipedia.org/wiki/Idriss_D%C3%A9by
ğŸ‡¨ğŸ‡±,Chile,President of Chile,Gabriel Boric,President of Chile,Gabriel Boric,https://en.wikipedia.org/wiki/Gabriel_Boric
ğŸ‡¨ğŸ‡´,Colombia,President of Colombia,Gustavo Petro,President of Colombia,Gustavo Petro,https://en.wikipedia.org/wiki/Gustavo_Petro
ğŸ‡°ğŸ‡²,Comoros,President of Comoros,Azali Assoumani,President of Comoros,Azali Assoumani,https://en.wikipedia.org/wiki/Azali_Assoumani
ğŸ‡¨ğŸ‡°,Cook Islands,Prime Minister of the Cook Islands,Henry Puna,monarch of New Zealand,Charles III of the United Kingdom,https://en.wikipedia.org/wiki/Henry_Puna
ğŸ‡¨ğŸ‡·,Costa Rica,President of Costa Rica,Rodrigo Chaves,President of Costa Rica,Rodrigo Chaves,https://en.wikipedia.org/wiki/Rodrigo_Chaves_Robles
ğŸ‡­ğŸ‡·,Croatia,Prime Minister of Croatia,Andrej PlenkoviÄ‡,President of Croatia,Zoran MilanoviÄ‡,https://en.wikipedia.org/wiki/Andrej_Plenkovi%C4%87
ğŸ‡¨ğŸ‡º,Cuba,Prime Minister of Cuba,Manuel Marrero Cruz,President of Cuba,Miguel DÃ­az-Canel,https://en.wikipedia.org/wiki/Manuel_Marrero_Cruz
ğŸ‡¨ğŸ‡¼,CuraÃ§ao,Prime Minister of CuraÃ§ao,"Ivar Asjes Gilmar Pisas",King of the Netherlands,Willem-Alexander of the Netherlands,
ğŸ‡¨ğŸ‡¾,Cyprus,President of Cyprus,Nicos Christodoulides,President of Cyprus,Nicos Christodoulides,https://en.wikipedia.org/wiki/Nikos_Christodoulides
ğŸ‡¨ğŸ‡¿,Czech Republic,Prime Minister of the Czech Republic,Petr Fiala,President of the Czech Republic,Petr Pavel,https://en.wikipedia.org/wiki/Petr_Fiala
ğŸ‡¨ğŸ‡©,Democratic Republic of the Congo,Prime Minister of the Democratic Republic of the Congo,Ilunga Ilunkamba Sylvestre,President of the Democratic Republic of the Congo,FÃ©lix Tshisekedi,
ğŸ‡©ğŸ‡°,Denmark,Prime Minister of Denmark,Mette Frederiksen,monarch of Denmark,Frederik X of Denmark,https://en.wikipedia.org/wiki/Mette_Frederiksen
ğŸ‡©ğŸ‡¯,Djibouti,Prime Minister of Djibouti,Abdoulkader Kamil Mohamed,President of Djibouti,Ismail Omar Guelleh,https://en.wikipedia.org/wiki/Abdoulkader_Kamil_Mohamed
ğŸ‡©ğŸ‡²,Dominica,Prime Minister of Dominica,Roosevelt Skerrit,president of Dominica,Charles Savarin,https://en.wikipedia.org/wiki/Roosevelt_Skerrit
ğŸ‡©ğŸ‡´,Dominican Republic,President of the Dominican Republic,Luis Abinader,President of the Dominican Republic,Luis Abinader,https://en.wikipedia.org/wiki/Luis_Abinader
ğŸ‡¹ğŸ‡±,East Timor,Prime Minister of East Timor,Xanana GusmÃ£o,President of East Timor,JosÃ© Ramos-Horta,https://en.wikipedia.org/wiki/Xanana_Gusm%C3%A3o
ğŸ‡ªğŸ‡¨,Ecuador,President of Ecuador,Daniel Noboa,President of Ecuador,Daniel Noboa,https://en.wikipedia.org/wiki/Daniel_Noboa
ğŸ‡ªğŸ‡¬,Egypt,Prime Minister of Egypt,Abdel_Fattah_el-Sisi,President of Egypt,Abdel Fattah el-Sisi,https://en.wikipedia.org/wiki/Abdel_Fattah_el-Sisi
ğŸ‡¸ğŸ‡»,El Salvador,President of El Salvador,Nayib Bukele,President of El Salvador,Nayib Bukele,https://en.wikipedia.org/wiki/Nayib_Bukele
ğŸ‡¸ğŸ‡»,Eswatini, King, Mswati III, King, Mswati III, https://en.wikipedia.org/wiki/Mswati_III
ğŸ‡¬ğŸ‡¶,Equatorial Guinea,Prime Minister of Equatorial Guinea,Manuela Roka,President of Equatorial Guinea,Teodoro Obiang,
ğŸ‡ªğŸ‡·,Eritrea,President of Eritrea,IsaÃ­as Fortis,President of Eritrea,IsaÃ­as Fortis,
ğŸ‡ªğŸ‡ª,Estonia,Prime Minister of Estonia,Kaja Kallas,President of Estonia,Alar Karis,https://en.wikipedia.org/wiki/Kaja_Kallas
ğŸ‡ªğŸ‡¹,Ethiopia,Prime Minister of Ethiopia,Abiy Ahmed Ali,President of Ethiopia,Sahle-Work Zewde,https://en.wikipedia.org/wiki/Abiy_Ahmed
ğŸ‡«ğŸ‡²,Federated States of Micronesia,President of the Federated States of Micronesia,Wesley Simina,President of the Federated States of Micronesia,Wesley Simina,https://en.wikipedia.org/wiki/Wesley_Simina
ğŸ‡«ğŸ‡¯,Fiji,Prime Minister of Fiji,Sitiveni Rabuka,President of Fiji,Wiliame Katonivere,https://en.wikipedia.org/wiki/Sitiveni_Rabuka
ğŸ‡«ğŸ‡®,Finland,Prime Minister of Finland,Petteri Orpo,President of Finland,Alexander Stubb,https://en.wikipedia.org/wiki/Petteri_Orpo
ğŸ‡«ğŸ‡·,France,Prime Minister of France,Emmanuel Macron,President of the French Republic,Emmanuel Macron,https://en.wikipedia.org/wiki/Emmanuel_Macron
ğŸ‡¬ğŸ‡¦,Gabon,Prime Minister of Gabon,Raymond Ndong Sima,President of Gabon,Ali Bongo Ondimba,https://en.wikipedia.org/wiki/Raymond_Ndong_Sima
ğŸ‡¬ğŸ‡ª,Georgia,Prime Minister of Georgia,Salome Zourabichvili,President of Georgia,Salome Zourabichvili,https://en.wikipedia.org/wiki/Salome_Zourabichvili
ğŸ‡©ğŸ‡ª,Germany,Federal Chancellor of Germany,Olaf Scholz,president of Germany,Frank-Walter Steinmeier,https://en.wikipedia.org/wiki/Olaf_Scholz
ğŸ‡¬ğŸ‡­,Ghana,President of Ghana,Nana Akufo-Addo,President of Ghana,Nana Akufo-Addo,https://en.wikipedia.org/wiki/Nana_Akufo-Addo
ğŸ‡¬ğŸ‡·,Greece,Prime Minister of Greece,Kyriakos Mitsotakis,President of Greece,Katerina Sakellaropoulou,https://en.wikipedia.org/wiki/Kyriakos_Mitsotakis
ğŸ‡¬ğŸ‡©,Grenada,Prime Minister of Grenada,Keith Mitchell,monarch of Grenada,Charles III of the United Kingdom,https://en.wikipedia.org/wiki/Keith_Mitchell
ğŸ‡¬ğŸ‡¹,Guatemala,President of the Republic of Guatemala,Bernardo ArÃ©valo de LeÃ³n,President of the Republic of Guatemala,Bernardo ArÃ©valo de LeÃ³n,
ğŸ‡¬ğŸ‡³,Guinea,Prime Minister of Guinea,Bah Oury,President of Guinea,Mamady Doumbouya,https://en.wikipedia.org/wiki/Bah_Oury
ğŸ‡¬ğŸ‡¼,Guinea-Bissau,Prime Minister of Guinea-Bissau,Nuno Nabiam,President of Guinea-Bissau,Umaro Sissoco EmbalÃ³,
ğŸ‡¬ğŸ‡¾,Guyana,Prime Minister of Guyana,Mark Phillips,President of Guyana,Irfaan Ali,https://en.wikipedia.org/wiki/Mark_Phillips
ğŸ‡­ğŸ‡³,Honduras,President of Honduras,Xiomara Castro,President of Honduras,Xiomara Castro,https://en.wikipedia.org/wiki/Xiomara_Castro
ğŸ‡­ğŸ‡º,Hungary,Prime Minister of Hungary,Viktor OrbÃ¡n,President of Hungary,TamÃ¡s Sulyok,https://en.wikipedia.org/wiki/Viktor_Orb%C3%A1n
ğŸ‡®ğŸ‡¸,Iceland,Prime Minister of Iceland,Bjarni Benediktsson,President of Iceland,Halla TÃ³masdÃ³ttir,https://en.wikipedia.org/wiki/Bjarni_Benediktsson
ğŸ‡®ğŸ‡³,India,Prime Minister of India,Narendra Modi,President of India,Droupadi Murmu,https://en.wikipedia.org/wiki/Narendra_Modi
ğŸ‡®ğŸ‡©,Indonesia,President of Indonesia,Joko Widodo,President of Indonesia,Joko Widodo,https://en.wikipedia.org/wiki/Joko_Widodo
ğŸ‡®ğŸ‡·,Iran,President of Iran,Ali Khamenei,Supreme Leader of Iran,Ali Khamenei,https://en.wikipedia.org/wiki/Ali_Khamenei
ğŸ‡®ğŸ‡¶,Iraq,Prime Minister of Iraq,Mohammed Shia' Al Sudani,President of Iraq,Abdul Latif Rashid,https://en.wikipedia.org/wiki/Mohammed_Shia%27_Al_Sudani
ğŸ‡®ğŸ‡ª,Ireland,Taoiseach,Leo Varadkar,President of Ireland,Michael D. Higgins,https://en.wikipedia.org/wiki/Leo_Varadkar
ğŸ‡®ğŸ‡±,Israel,Prime Minister of Israel,Benjamin Netanyahu,President of Israel,Isaac Herzog,https://en.wikipedia.org/wiki/Benjamin_Netanyahu
ğŸ‡®ğŸ‡¹,Italy,Prime Minister of Italy,Giorgia Meloni,President of Italy,Sergio Mattarella,https://en.wikipedia.org/wiki/Giorgia_Meloni
ğŸ‡¨ğŸ‡®,Ivory Coast,Prime Minister of Ivory Coast,Robert BeugrÃ© MambÃ©,President of the Ivory Coast,Alassane Ouattara,https://en.wikipedia.org/wiki/Robert_Beugr%C3%A9_Mamb%C3%A9
ğŸ‡¯ğŸ‡²,Jamaica,Prime Minister of Jamaica,Andrew Holness,"monarch of Jamaica Governor-General of Jamaica",Charles III of the United Kingdom,https://en.wikipedia.org/wiki/Andrew_Holness
ğŸ‡¯ğŸ‡µ,Japan,Prime Minister of Japan,Shigeru Ishiba,Emperor of Japan,Naruhito,https://en.wikipedia.org/wiki/Shigeru_Ishiba
ğŸ‡¯ğŸ‡´,Jordan,Prime Minister of Jordan,Abdullah II of Jordan,King of Jordan,Abdullah II of Jordan,https://en.wikipedia.org/wiki/Abdullah_II_of_Jordan
ğŸ‡°ğŸ‡¿,Kazakhstan,Prime Minister of Kazakhstan,Kassym-Jomart_Tokayev,President of Kazakhstan,Kassym-Jomart Tokayev,https://en.wikipedia.org/wiki/Kassym-Jomart_Tokayev
ğŸ‡°ğŸ‡ª,Kenya,President of Kenya,William Ruto,President of Kenya,William Ruto,https://en.wikipedia.org/wiki/William_Ruto
ğŸ‡³ğŸ‡±,Kiribati,President,Taneti Maamau,President,Taneti Maamau,https://en.wikipedia.org/wiki/Taneti_Maamau
ğŸ‡½ğŸ‡°,Kosovo,Prime Minister of Kosovo,Albin Kurti,President of Kosovo,Vjosa Osmani,https://en.wikipedia.org/wiki/Albin_Kurti
ğŸ‡°ğŸ‡¼,Kuwait,Prime Minister of Kuwait,Mishal Al-Ahmad Al-Jaber Al-Sabah,emir of Kuwait,Mishal Al-Ahmad Al-Jaber Al-Sabah,https://en.wikipedia.org/wiki/Mishal_Al-Ahmad_Al-Jaber_Al-Sabah
ğŸ‡°ğŸ‡¬,Kyrgyzstan,Prime Minister of Kyrgyzstan,Akylbek Japarov,President of Kyrgyzstan,Sadyr Zhaparov,https://en.wikipedia.org/wiki/Akylbek_Japarov
ğŸ‡±ğŸ‡¦,Laos,Prime Minister of Laos,Phankham Viphavan,President of Laos,Thongloun Sisoulith,https://en.wikipedia.org/wiki/Phankham_Viphavanh
ğŸ‡±ğŸ‡»,Latvia,Prime Minister of Latvia,Evika SiliÅ†a,President of Latvia,Edgars RinkÄ“viÄs,https://en.wikipedia.org/wiki/Evika_Sili%C5%86a
ğŸ‡±ğŸ‡§,Lebanon,Prime Minister of Lebanon,Najib Mikati,President of Lebanon,No/unknown value,https://en.wikipedia.org/wiki/Najib_Mikati
ğŸ‡±ğŸ‡¸,Lesotho,Prime Minister of Lesotho,Sam Matekane,King of Lesotho,Letsie III of Lesotho,https://en.wikipedia.org/wiki/Sam_Matekane
ğŸ‡±ğŸ‡·,Liberia,President of Liberia,George Weah,President of Liberia,George Weah,https://en.wikipedia.org/wiki/George_Weah
ğŸ‡±ğŸ‡¾,Libya,Prime Minister of Libya,Abdulhamid Dbeibeh,Chairman of the Presidential Council,Mohamed al-Menfi,https://en.wikipedia.org/wiki/Abdul_Hamid_Dbeibeh
ğŸ‡±ğŸ‡®,Liechtenstein,Prime Minister of Liechtenstein,Daniel Risch,Prince of Lichtenstein,"Hans-Adam II, Prince of Liechtenstein",https://en.wikipedia.org/wiki/Daniel_Risch
ğŸ‡±ğŸ‡¹,Lithuania,Prime Minister of Lithuania,Ingrida Å imonytÄ—,President of the Republic of Lithuania,Gitanas NausÄ—da,https://en.wikipedia.org/wiki/Ingrida_%C5%A0imonyt%C4%97
ğŸ‡±ğŸ‡º,Luxembourg,Prime Minister of Luxembourg,Xavier Bettel,Monarch of Luxembourg,"Henri, Grand Duke of Luxembourg",https://en.wikipedia.org/wiki/Xavier_Bettel
ğŸ‡²ğŸ‡¬,Madagascar,Prime Minister of Madagascar,Christian Ntsay,President of Madagascar,Andry Rajoelina,https://en.wikipedia.org/wiki/Christian_Ntsay
ğŸ‡²ğŸ‡¼,Malawi,President of Malawi,Lazarus Chakwera,President of Malawi,Lazarus Chakwera,https://en.wikipedia.org/wiki/Lazarus_Chakwera
ğŸ‡²ğŸ‡¾,Malaysia,Prime Minister of Malaysia,Anwar Ibrahim,Yang di-Pertuan Agong,Ibrahim Iskandar of Johor,https://en.wikipedia.org/wiki/Anwar_Ibrahim
ğŸ‡²ğŸ‡»,Maldives,President of the Maldives,Mohamed Muizzu,President of the Maldives,Mohamed Muizzu,https://en.wikipedia.org/wiki/Mohamed_Muizzu
ğŸ‡²ğŸ‡±,Mali,Prime Minister of Mali,Choguel Kokalla MaÃ¯ga,President of Mali,Assimi GoÃ¯ta,https://en.wikipedia.org/wiki/Choguel_Kokalla_Ma%C3%AFga
ğŸ‡²ğŸ‡¹,Malta,Prime Minister of Malta,Robert Abela,President of Malta,Myriam Spiteri Debono,https://en.wikipedia.org/wiki/Robert_Abela
ğŸ‡²ğŸ‡·,Mauritania,Prime Minister of Mauritania,Mohamed Ould Bilal,President of Mauritania,Mohamed Ould Ghazouani,https://en.wikipedia.org/wiki/Mohamed_Ould_Bilal
ğŸ‡²ğŸ‡º,Mauritius,Prime Minister of Mauritius,Pravind Jugnauth,President of Mauritius,Prithvirajsing Roopun,https://en.wikipedia.org/wiki/Pravind_Jugnauth
ğŸ‡²ğŸ‡½,Mexico,President of Mexico,AndrÃ©s Manuel LÃ³pez Obrador,President of Mexico,AndrÃ©s Manuel LÃ³pez Obrador,https://en.wikipedia.org/wiki/Andr%C3%A9s_Manuel_L%C3%B3pez_Obrador
ğŸ‡²ğŸ‡©,Moldova,Prime Minister of Moldova,Dorin Recean,President of Moldova,Maia Sandu,https://en.wikipedia.org/wiki/Dorin_Recean
ğŸ‡²ğŸ‡¨,Monaco,Minister of State of Monaco,Didier Guillaume,Prince of Monaco,"Albert II, Prince of Monaco",https://en.wikipedia.org/wiki/Didier_Guillaume
ğŸ‡²ğŸ‡³,Mongolia,Prime Minister of Mongolia,Oyunerdene Luvsannamsrai,President of Mongolia,Khurelsukh Ukhnaa,https://en.wikipedia.org/wiki/Luvsannamsrain_Oyun-Erdene
ğŸ‡²ğŸ‡ª,Montenegro,Prime Minister of Montenegro,Milojko SpajiÄ‡,President of Montenegro,Jakov MilatoviÄ‡,https://en.wikipedia.org/wiki/Milojko_Spaji%C4%87
ğŸ‡²ğŸ‡¦,Morocco,Prime Minister of Morocco,Aziz Akhannouch,King of Morocco,Mohammed VI of Morocco,https://en.wikipedia.org/wiki/Aziz_Akhannouch
ğŸ‡²ğŸ‡¿,Mozambique,Prime Minister of Mozambique,Filipe Nyusi,President of Mozambique,Filipe Nyusi,https://en.wikipedia.org/wiki/Filipe_Nyusi
ğŸ‡²ğŸ‡²,Myanmar,"State Administration Council
State Counsellor of Myanmar",Min Aung Hlaing,President of Myanmar,Myint Swe,https://en.wikipedia.org/wiki/Min_Aung_Hlaing
ğŸ‡³ğŸ‡¦,Namibia,Prime Minister of the Republic of Namibia,Saara Kuugongelwa,President of the Republic of Namibia,Nangolo Mbumba,https://en.wikipedia.org/wiki/Saara_Kuugongelwa
ğŸ‡³ğŸ‡·,Nauru,President of Nauru,Russ J Kun,President of Nauru,David Adeang,
ğŸ‡³ğŸ‡µ,Nepal,Prime Minister of Nepal,Pushpa Kamal Dahal,President of Nepal,Ram Chandra Poudel,https://en.wikipedia.org/wiki/Pushpa_Kamal_Dahal
ğŸ‡³ğŸ‡±,Netherlands,Prime Minister of the Netherlands,Mark Rutte,King of the Netherlands,Willem-Alexander of the Netherlands,https://en.wikipedia.org/wiki/Mark_Rutte
ğŸ‡³ğŸ‡¿,New Zealand,Prime Minister of New Zealand,Christopher Luxon,monarch of New Zealand,Charles III of the United Kingdom,https://en.wikipedia.org/wiki/Christopher_Luxon
ğŸ‡³ğŸ‡®,Nicaragua,Revolucionario NicaragÃ¼ense,Daniel Ortega,Revolucionario NicaragÃ¼ense,Daniel Ortega,https://en.wikipedia.org/wiki/Daniel_Ortega
ğŸ‡³ğŸ‡ª,Niger,Prime Minister of Niger,Ali Lamine Zeine,President of Niger,Hassoumi Massoudou,https://en.wikipedia.org/wiki/Ali_Lamine_Zeine
ğŸ‡³ğŸ‡¬,Nigeria,President of Nigeria,Bola Tinubu,President of Nigeria,Bola Tinubu,https://en.wikipedia.org/wiki/Bola_Tinubu
ğŸ‡³ğŸ‡º,Niue,Premier of Niue,Dalton Tagelagi,monarch of New Zealand,Charles III of the United Kingdom,https://en.wikipedia.org/wiki/Dalton_Tagelagi
ğŸ‡°ğŸ‡µ,North Korea,Premier of North Korea,Kim Jong Un,Supreme Leader of North Korea,Kim Jong-un,https://en.wikipedia.org/wiki/Kim_Jong_Un
ğŸ‡²ğŸ‡°,North Macedonia,Prime Minister of North Macedonia,Hristijan Mickoski,President of North Macedonia,Gordana Siljanovska-Davkova,https://en.wikipedia.org/wiki/Hristijan_Mickoski
ğŸ‡³ğŸ‡´,Norway,Prime Minister of Norway,Jonas Gahr StÃ¸re,Monarch of Norway,Harald V of Norway,https://en.wikipedia.org/wiki/Jonas_Gahr_St%C3%B8re
ğŸ‡´ğŸ‡²,Oman,Sultan of Oman,Haitham bin Tarik Al Said,Sultan of Oman,Haitham bin Tarik Al Said,
ğŸ‡µğŸ‡°,Pakistan,Prime Minister of Pakistan,Shehbaz Sharif,President of Pakistan,Asif Ali Zardari,https://en.wikipedia.org/wiki/Shehbaz_Sharif
ğŸ‡µğŸ‡¼,Palau,,Surangel Whipps Jr.,President of Palau,Surangel Whipps Jr.,https://en.wikipedia.org/wiki/Surangel_Whipps_Jr.
ğŸ‡µğŸ‡¦,Panama,President of Panama,JosÃ© RaÃºl Mulino,President of Panama,JosÃ© RaÃºl Mulino,https://en.wikipedia.org/wiki/Jos%C3%A9_Ra%C3%BAl_Mulino
ğŸ‡µğŸ‡¬,Papua New Guinea,Prime Minister of Papua New Guinea,James Marape,monarch of Papua New Guinea,Charles III of the United Kingdom,https://en.wikipedia.org/wiki/James_Marape
ğŸ‡µğŸ‡¾,Paraguay,President of Paraguay,,President of Paraguay,Santiago PeÃ±a Palacios,https://en.wikipedia.org/wiki/Nan
ğŸ‡¨ğŸ‡³,People's Republic of China,Premier of the People's Republic of China,Xi Jinping,President of the People's Republic of China,Xi Jinping,https://en.wikipedia.org/wiki/Xi_Jinping
ğŸ‡µğŸ‡ª,Peru,President of Peru,Dina Boluarte,President of Peru,Dina Boluarte,https://en.wikipedia.org/wiki/Dina_Boluarte
ğŸ‡µğŸ‡­,Philippines,President of the Philippines,Bongbong Marcos,President of the Philippines,Bongbong Marcos,https://en.wikipedia.org/wiki/Bongbong_Marcos
ğŸ‡µğŸ‡±,Poland,Prime Minister of Poland,Donald Tusk,President of the Republic of Poland,Andrzej Duda,https://en.wikipedia.org/wiki/Donald_Tusk
ğŸ‡µğŸ‡¹,Portugal,Prime Minister of Portugal,AntÃ³nio Costa,President of Portugal,Marcelo Rebelo de Sousa,https://en.wikipedia.org/wiki/Ant%C3%B3nio_Costa
ğŸ‡¶ğŸ‡¦,Qatar,Prime Minister of Qatar,Tamim bin Hamad Al Thani,Emir of the State of Qatar,Tamim bin Hamad Al Thani,https://en.wikipedia.org/wiki/Tamim_bin_Hamad_Al_Thani
ğŸ‡¨ğŸ‡¬,Republic of the Congo,Prime Minister of the Republic of the Congo,ClÃ©ment Mouamba,President of the Republic of the Congo,Denis Sassou-Nguesso,https://en.wikipedia.org/wiki/Cl%C3%A9ment_Mouamba
ğŸ‡·ğŸ‡´,Romania,Prime Minister of Romania,Klaus Iohannis,president of Romania,Klaus Iohannis,https://en.wikipedia.org/wiki/Klaus_Iohannis
ğŸ‡·ğŸ‡º,Russia,Prime Minister of Russia,Vladimir Putin,President of Russia,Vladimir Putin,https://en.wikipedia.org/wiki/Vladimir_Putin
ğŸ‡·ğŸ‡¼,Rwanda,Prime Minister of Rwanda,Ã‰douard Ngirente,President of Rwanda,Paul Kagame,https://en.wikipedia.org/wiki/%C3%89douard_Ngirente
ğŸ‡ªğŸ‡­,Sahrawi Arab Democratic Republic,list of prime ministers of the Sahrawi Arab Democratic Republic,Bouchraya Hammoudi Bayoun,President of the Sahrawi Arab Democratic Republic,Brahim Ghali,https://en.wikipedia.org/wiki/Bouchraya_Hammoudi_Bayoun
ğŸ‡°ğŸ‡³,Saint Kitts and Nevis,Prime Minister of St Kitts and Nevis,Terrance Drew,monarch of Saint Kitts and Nevis,Charles III of the United Kingdom,https://en.wikipedia.org/wiki/Terrance_Drew
ğŸ‡±ğŸ‡¨,Saint Lucia,Prime Minister of Saint Lucia,Allen Chastanet,monarch of Saint Lucia,Charles III of the United Kingdom,https://en.wikipedia.org/wiki/Allen_Chastanet
ğŸ‡»ğŸ‡¨,Saint Vincent and the Grenadines,Prime Minister of Saint Vincent and the Grenadines,Ralph Gonsalves,monarch of Saint Vincent and the Grenadines,Charles III of the United Kingdom,https://en.wikipedia.org/wiki/Ralph_Gonsalves
ğŸ‡¼ğŸ‡¸,Samoa,Prime Minister of Samoa,"Tuila'epa Sa'ilele Malielegaoi FiamÄ“ Naomi MataÊ»afa",O le Ao o le Malo,Va'aletoa Sualauvi II,
ğŸ‡¸ğŸ‡¦,Saudi Arabia,Prime Minister of Saudi Arabia,Salman of Saudi Arabia,King of Saudi Arabia,Salman bin Abdulaziz Al Saud,https://en.wikipedia.org/wiki/Salman_of_Saudi_Arabia
ğŸ‡¸ğŸ‡³,Senegal,President of Senegal,Bassirou Diomaye Diakhar Faye,President of Senegal,Bassirou Diomaye Diakhar Faye,
ğŸ‡·ğŸ‡¸,Serbia,Prime Minister of Serbia,MiloÅ¡ VuÄeviÄ‡,President of Serbia,Alexander VuÄiÄ‡,https://en.wikipedia.org/wiki/Milo%C5%A1_Vu%C4%8Devi%C4%87
ğŸ‡¸ğŸ‡¨,Seychelles,President of Seychelles,Wavel Ramkalawan,President of Seychelles,Wavel Ramkalawan,https://en.wikipedia.org/wiki/Wavel_Ramkalawan
ğŸ‡¸ğŸ‡±,Sierra Leone,Chief Minister of Sierra Leone,David Sengeh,President of Sierra Leone,Julius Maada Bio,https://en.wikipedia.org/wiki/David_Moinina_Sengeh
ğŸ‡¸ğŸ‡¬,Singapore,Prime Minister of Singapore,Lawrence Wong,President of Singapore,Tharman Shanmugaratnam,https://en.wikipedia.org/wiki/Lawrence_Wong
ğŸ‡¸ğŸ‡½,Sint Maarten,Prime Minister of Sint Maarten,Leona Marlin-Romeo,,"Willem-Alexander of the Netherlands Eugene Holiday",https://en.wikipedia.org/wiki/Leona_Marlin-Romeo
ğŸ‡¸ğŸ‡°,Slovakia,Prime Minister of Slovakia,Robert Fico,President of Slovakia,Peter Pellegrini,https://en.wikipedia.org/wiki/Robert_Fico
ğŸ‡¸ğŸ‡®,Slovenia,Prime Minister of Slovenia,Robert Golob,President of Slovenia,NataÅ¡a Pirc Musar,https://en.wikipedia.org/wiki/Robert_Golob
ğŸ‡¸ğŸ‡§,Solomon Islands,Prime Minister of the Solomon Islands,Jeremiah Manele,monarch of the Solomon Islands,Charles III of the United Kingdom,https://en.wikipedia.org/wiki/Jeremiah_Manele
ğŸ‡¸ğŸ‡´,Somalia,Prime Minister of Somalia,Mohamed Hussein Roble,President of Somalia,Hassan Sheikh Mohamud,https://en.wikipedia.org/wiki/Mohamed_Hussein_Roble
ğŸ‡¿ğŸ‡¦,South Africa,President of South Africa,Cyril Ramaphosa,President of South Africa,Cyril Ramaphosa,https://en.wikipedia.org/wiki/Cyril_Ramaphosa
ğŸ‡°ğŸ‡·,South Korea,President of South Korea,Yoon Suk Yeol,President of South Korea,Yoon Suk Yeol,https://en.wikipedia.org/wiki/Yoon_Suk_Yeol
ğŸ‡¸ğŸ‡¸,South Sudan,President of South Sudan,Salva Kiir Mayardit,President of South Sudan,Salva Kiir Mayardit,https://en.wikipedia.org/wiki/Salva_Kiir_Mayardit
#,Spain, Prime Minister, Felipe VI, King, Pedro SÃ¡nchez, https://en.wikipedia.org/wiki/Pedro_S%C3%A1nchez
ğŸ‡±ğŸ‡°,Sri Lanka,President of Sri Lanka,Harini Amarasuriya,President of Sri Lanka,Anura Kumara Dissanayake,https://en.wikipedia.org/wiki/Harini_Amarasuriya
ğŸ‡¸ğŸ‡©,Sudan,Prime Minister of Sudan,Abdel Fattah al-Burhan,Chairman of the Transitional Military Council,Abdel Fattah al-Burhan,https://en.wikipedia.org/wiki/Abdel_Fattah_al-Burhan
ğŸ‡¸ğŸ‡·,Suriname,President of Suriname,,President of Suriname,Chan Santokhi,https://en.wikipedia.org/wiki/Nan
ğŸ‡¸ğŸ‡ª,Sweden,Prime Minister of Sweden,Ulf Kristersson,Monarch of Sweden,Carl XVI Gustaf of Sweden,https://en.wikipedia.org/wiki/Ulf_Kristersson
ğŸ‡¨ğŸ‡­,Switzerland,President of the Swiss Confederation,Swiss Federal Council,Member of the Swiss Federal Council,Swiss Federal Council,https://en.wikipedia.org/wiki/Federal_Council_(Switzerland)
ğŸ‡¸ğŸ‡¾,Syria,Prime Minister of Syria,Bashar_al-Assad,President of Syrian Arab Republic,Bashar al-Assad,https://en.wikipedia.org/wiki/Bashar_al-Assad
ğŸ‡¸ğŸ‡¹,SÃ£o TomÃ© and PrÃ­ncipe,Prime Minister of SÃ£o TomÃ© and PrÃ­ncipe,Patrice Trovoada,President of SÃ£o TomÃ© and PrÃ­ncipe,Carlos Vila Nova,https://en.wikipedia.org/wiki/Patrice_Trovoada
ğŸ‡¹ğŸ‡¼,Taiwan,Premier of the Republic of China,Lai Ching-te,President of the Republic of China,Lai Ching-te,https://en.wikipedia.org/wiki/Lai_Ching-te
ğŸ‡¹ğŸ‡¯,Tajikistan,Prime Minister of Tajikistan,Kokhir Rasulzoda,president of Tajikistan,Emomali Rahmon,https://en.wikipedia.org/wiki/Kokhir_Rasulzoda
ğŸ‡¹ğŸ‡¿,Tanzania,President of Tanzania,Samia Hassan Suluhu,President of Tanzania,Samia Hassan Suluhu,https://en.wikipedia.org/wiki/Samia_Suluhu_Hassan
ğŸ‡¹ğŸ‡­,Thailand,Prime Minister of Thailand,Paetongtarn Shinawatra,King of Thailand,Vajiralongkorn,https://en.wikipedia.org/wiki/Paetongtarn_Shinawatra
ğŸ‡§ğŸ‡¸,The Bahamas,Prime Minister of the Bahamas,Hubert Minnis,monarch of the Bahamas,Charles III of the United Kingdom,https://en.wikipedia.org/wiki/Hubert_Minnis
ğŸ‡¬ğŸ‡²,The Gambia,President of the Gambia,Adama Barrow,President of the Gambia,Adama Barrow,https://en.wikipedia.org/wiki/Adama_Barrow
ğŸ‡¹ğŸ‡¬,Togo,Prime Minister,Victoire DogbÃ© Tomegah,President of Togo,Faure Essozimna GnassingbÃ©,
ğŸ‡¹ğŸ‡´,Tonga,Prime Minister of Tonga,Pohiva TuÊ»iÊ»onetoa,Monarch of Tonga,Tupou VI of Tonga,https://en.wikipedia.org/wiki/P%C5%8Dhiva_Tu%CA%BBi%CA%BBonetoa
ğŸ‡¹ğŸ‡¹,Trinidad and Tobago,Prime Minister of Trinidad and Tobago,Keith Rowley,President of Trinidad and Tobago,Christine Kangaloo,https://en.wikipedia.org/wiki/Keith_Rowley
ğŸ‡¹ğŸ‡³,Tunisia,Prime Minister of Tunisia,Kais Saied,President of Tunisia,Kais Saied,https://en.wikipedia.org/wiki/Kais_Saied
ğŸ‡¹ğŸ‡·,Turkey,President of Turkey,Recep Tayyip ErdoÄŸan,President of Turkey,Recep Tayyip ErdoÄŸan,https://en.wikipedia.org/wiki/Recep_Tayyip_Erdo%C4%9Fan
ğŸ‡¹ğŸ‡²,Turkmenistan,President of Turkmenistan,,President of Turkmenistan,Serdar Berdimuhamedow,https://en.wikipedia.org/wiki/Nan
ğŸ‡¹ğŸ‡»,Tuvalu,Prime Minister of Tuvalu,Feleti Teo,monarch of Tuvalu,Charles III of the United Kingdom,https://en.wikipedia.org/wiki/Feleti_Teo
ğŸ‡ºğŸ‡¬,Uganda,Prime Minister of Uganda,Robinah Nabbanja,President of Uganda,Yoweri Museveni,https://en.wikipedia.org/wiki/Robinah_Nabbanja
ğŸ‡ºğŸ‡¦,Ukraine,Prime Minister of Ukraine,Denys Shmyhal,President of Ukraine,Volodymyr Zelenskyy,https://en.wikipedia.org/wiki/Denys_Shmyhal
ğŸ‡¦ğŸ‡ª,United Arab Emirates,Prime Minister of the United Arab Emirates,Mohamed bin Zayed Al Nahyan,President of the United Arab Emirates,Mohammed bin Zayed Al NahyanKhalifa bin Zayed Al Nahyan,https://en.wikipedia.org/wiki/Mohamed_bin_Zayed_Al_Nahyan
ğŸ‡¬ğŸ‡§,United Kingdom,Prime Minister of the United Kingdom,Keir Starmer,monarch of the United Kingdom,Charles III of the United Kingdom,https://en.wikipedia.org/wiki/Keir_Starmer
ğŸ‡ºğŸ‡¸,United States of America,President of the United States,Joe Biden,President of the United States,Joe Biden,https://en.wikipedia.org/wiki/Joe_Biden
ğŸ‡ºğŸ‡¾,Uruguay,,Luis Lacalle Pou,President of Uruguay,Luis Lacalle Pou,https://en.wikipedia.org/wiki/Luis_Lacalle_Pou
ğŸ‡ºğŸ‡¿,Uzbekistan,Prime Minister of Uzbekistan,Shavkat_Mirziyoyev,President of Uzbekistan,Shavkat Mirziyoyev,https://en.wikipedia.org/wiki/Shavkat_Mirziyoyev
ğŸ‡»ğŸ‡º,Vanuatu,Prime Minister of Vanuatu,Bob Loughman,President of Vanuatu,Nikenike Vurobaravu,https://en.wikipedia.org/wiki/Bob_Loughman
ğŸ‡»ğŸ‡¦,Vatican City,President of the Pontifical Commission for the Vatican City State,Fernando VÃ©rgez Alzaga,pope,Pope Francis,https://en.wikipedia.org/wiki/Fernando_V%C3%A9rgez_Alzaga
ğŸ‡»ğŸ‡ª,Venezuela,President of Venezuela,NicolÃ¡s Maduro,President of Venezuela,"NicolÃ¡s Maduro
Juan GuaidÃ³",https://en.wikipedia.org/wiki/Nicol%C3%A1s_Maduro
ğŸ‡»ğŸ‡³,Vietnam,Prime Minister of Vietnam,TÃ´ LÃ¢m,President of Vietnam,TÃ´ LÃ¢m,https://en.wikipedia.org/wiki/T%C3%B4_L%C3%A2m
ğŸ‡¾ğŸ‡ª,Yemen,Prime Minister of Yemen,Rashad al-Alimi,President of Yemen,Rashad al-Alimi,https://en.wikipedia.org/wiki/Rashad_al-Alimi
ğŸ‡¿ğŸ‡²,Zambia,President of Zambia,Edgar Lungu,President of Zambia,Hakainde Hichilema,https://en.wikipedia.org/wiki/Edgar_Lungu
ğŸ‡¿ğŸ‡¼,Zimbabwe,President of Zimbabwa,Emmerson Mnangagwa,President of Zimbabwa,Emmerson Mnangagwa,https://en.wikipedia.org/wiki/Emmerson_Mnangagwa


